species,common_name,genus,family,order,class,region,habitat,lifespan,status,
acanthurus olivaceus,Orangeshoulder Tang;Orange Band Surgeonfish,acanthurus,acanthuridae,perciformes,actinopterygii,oriental,reef,10,NE,
acanthurus pyroferus,Chocolate Tang;Chocolate Surgeonfish,acanthurus,acanthuridae,perciformes,actinopterygii,indian ocean;pacific ocean;australian,reef,12,NE,
aceros corrugatus,Wrinkled Hornbill;Sundra Wrinkled Hornbill,aceros,bucerotidae,bucerotiformes,aves,oriental,rainforest,30,NT,
acinonyx jubatus,Cheetah;Hunting Leopard,acinonyx,felidae,carnivora,mammalia,ethiopian;oriental;palearctic,desert/dune;savanna/grassland,19,VU,
acryllium vulturinum,Vulturine Guineafowl,acryllium,numididae,galliformes,aves,ethiopian,savanna/grassland;scrub forest,15,LC,
addax nasomaculatus,Addax,addax,bovidae,artiodactyla,mammalia,ethiopian,desert/dune;savanna/grassland,20,CR,
agalychnis callidryas,Red-Eyed Tree Frog,agalychnis,hylidae,anura,amphibia,neotropical,forest;rainforest,8,LC,
agapornis personatus,Masked Lovebird;Yellow-Collared Lovebird,agapornis,psittaculidae,psittaciformes,aves,ethiopian,forest;shrub forest,23,LC,
agkistrodon bilineatus,Taylor's Cantil,agkistrodon,viperidae,squamata,reptilia,neotropical,coastal,5,NT,
agkistrodon contortrix laticinctus,Broad Band Cooper-Head,agkistrodon,viperidae,squamata,reptilia,nearctic,savanna/grassland,23,LC,
agkistrodon piscivorus,Cottonmouth,agkistrodon,viperidae,squamata,reptilia,nearctic,savanna/grassland,15,LC,
ailurus fulgens,Red Panda,ailurus,ailuridae,carnivora,mammalia,oriental,forest; mountains,14,EN,
aix sponsa,Wood Duck;Carolina Duck,aix,anatidae,anseriformes,aves,nearctic,swamp;marsh;lakes,15,LC,
aldabrachelys gigantea,Aldabra Tortoise,aldabrachelys,testudinidae,testudines,reptilia,ethiopian,desert/dune;savanna/grassland;scrub forest;coastal;swamp,176,VU,
alectura lathami,Australian Brush Turkey;Scrub Turkey,alectura,megapodiidae,galliformes,aves,australian,rainforest;forest;scrub forest,7,LC,
allenopithecus nigroviridis,Swamp Monkey;Allen's Swamp Monkey,allenopithecus,cercopithecidae,primates,mammalia,ethiopian,forest;rainforest,23,LC,
alligator mississippiensis,American Alligator,alligator,crocodylidae,crocodylia,reptilia,nearctic,lakes;rivers;coastal;brackish water;marsh;swamp;urban;suburban,70,LC,
alligator sinensis,Chinese Alligator,alligator,crocodylidae,crocodylia,reptilia,oriental,rivers;lakes;swamp,70,CR,
alouatta caraya,Black Howler Monkey,alouatta,atelidae,primates,mammalia,neotropical,forest;rainforest,20,LC,
amaurornis flavirostra,Black Crake,amaurornis,rallidae,gruiformes,aves,ethiopian,marsh,12,LC,
amazona leucocephala,Cuban Amazon Parrot,amazona,psittacidae,psittaciformes,aves,neotropical,forest,50,NT,
amblonyx cinerea,Oriental Small-Clawed Otter,amblonyx,mustelidae,carnivora,mammalia,oriental,lakes;rivers,16,VU,
ammospermophilus harrisii,Harris' Antelope Squirrel,ammospermophilus,sciuridae,rodentia,mammalia,nearctic,savanna/grassland,6,LC,
ammotragus lervia,Aoudad,ammotragus,bovidae,ariodactyla,mammalia,ethiopian,desert/dune;savanna/grassland;mountains,20,VU,
amphiprion clarkii,Black Clownfish;Brown Anemonefish,amphiprion,pomacentridae,perciformes,actinopterygii,indian ocean;pacific ocean,reef,18,NE,
amphiprion ocellaris,Ocellaris Clownfish;Clown Anemonefish;Common Clownfish,amphiprion,pomacentridae,perciformes,actinopterygii,oriental;australian;pacific ocean,reef,18,NE,
amphiprion percula,Percula Clownfish;Blackfinned Clownfish,amphiprion,pomacentridae,perciformes,actinopterygii,indian ocean;pacific ocean,reef;coastal,18,NE,
anartia jatrophae,White Peacock Butterfly,anartia,nymphalidae,lepidoptera,insecta,nearctic;neotropical,savanna/grassland;forest;scrub forest;rivers;suburban;riparian,0.05,NE,
anas acuta,Pintail Duck,anas,anatidae,anseriformes,aves,nearctic,lakes;rivers,22,LC,
anas americana,American Widgeon,anas,anatidae,anseriformes,aves,nearctic,rivers;swamp,21,LC,
anas carolinensis,Green Winged Teal Duck,anas,anatidae,anseriformes,aves,nearctic,marsh,3,LC,
anas clypeata,Northern Shoveler,anas,anatidae,anseriformes,aves,palearctic,marsh,18,LC,
anas cyanoptera,Cinnamon Teal,anas,anatidae,anseriformes,aves,nearctic,lake;marsh,12,LC,
anas formosa,Baikal Teal;Bimaculate Duck;Squawk Duck,siberonetta,anatidae,anseriformes,aves,palearctic;holarctic,tundra;taiga;lakes;rivers;brackish water;marsh;swamp;bog,25,VU,
anas platyrhynchos,Mallard Duck,anas,anatidae,anseriformes,aves,cosmopolitan,taiga;savanna/grassland;forest;rainforest;scrub forest;lakes;rivers;coastal,6,LC,
anaxyrus woodhousii,Woodhouse Toad,anaxyrus,bufonidae,anura,amphibia,nearctic,forest;river,2,LC,
anodorhynchus hyacinthinus,Hyacinth Macaw,anodorhynchus,psittacidae,psittaciformes,aves,neotropical,savanna/grassland;forest,40,VU,
anolis ecomorphs,Hispaniolan Giant Anole,anolis,dactyloidae,squamata,reptilia,nearctic,swamps;forest;suburb,2,LC,
antilocapra americana,Pronghorn;American Antelope,antilocapra,antilocapridae,artiodactyla,mammalia,nearctic,savanna/grassland,15,LC,
antilope cervicapra,Blackbuck,antilope,bovidae,artiodactyla,mammalia,oriental,savanna/grassland,18,NT,
apteryx mantelli,Northern Brown Kiwi,apteryx,apterygidae,apterygiformes,aves,australian,forest;scrub forest,50,EN,
ara ararauna,Blue-And-Yellow Macaw,ara,psittacidae,psittaciformes,aves,neotropical,rainforest,30,LC,
ara chloropterus,Red-And-Green Macaw,ara,psittacidae,psittaciformes,aves,neotropical,rainforest,50,LC,
ara glaucogularis,Blue-Throated Macaw;Caninde Macaw;Wagler's Macaw,ara,psittacidae,psittaciformes,aves,neotropical,savanna/grassland;forest,50,CR,
ara macao,Scarlet Macaw,ara,psittacidae,psittaciformes,aves,neotropical,rainforest,75,LC,
ara rubrogenys,Red-Fronted Macaw,ara,psittacidae,psittaciformes,aves,neotropical,desert/dune;savana/grassland,40,EN,
ardeotis kori,Kori Bustard,ardeotis,otididae,otidiformes,aves,ethiopian;oriental;australian,savanna/grassland;scrub forest,27,NT,
argusianus argus,Great Argus Pheasant,argusianus,phasianidae,galliformes,aves,oriental,forest,20,NT,
arothron hispidus,Stars And Stripes Puffer,arothron,tetraodontidae,tetraodontiformes,actinopterygii,indian ocean;pacific ocean,reef;coastal,12,NE,
ascia monuste,Great Southern White Butterfly,ascia,pieridae,lepidoptera,insecta,nearctic,marsh;suburban,0.06,NE,
aspidelaps lubricus,Coral Cobra,aspidelaps,elapidae,squamata,reptilia,ethiopian,scrub forest,9,DD,
aspidites ramsayi,Woma Python,aspidites,pythonidae,squamata,reptilia,australian,desert/dune;scrub forest,20,EN,
astrochelys radiata,Radiated Tortoise,astrochelys,testudinidae,testudines,reptilia,madagascan,forest,188,CR,
ateles geoffroyi vellerosus,Mexican Spider Monkey,ateles,atelidae,primates,mammalia,neotropical,rainforest,27,CR,
ateles hybridus,Brown Spider Monkey,ateles,atelidae,primates,mammalia,neotropical,forest;rainforest,33,CR,
atelopus zeteki,Panamanian Golden Frog,atelopus,bufonidae,anura,amphibia,neotropical,rivers;rainforest;forest,5,CR,
athene cunicularia,Burrowing Owl,athene,strigidae,strigiformes,aves,nearctic;neotropical,desert/dune,7,LC,
aurelia aurita,Moon Jelly,aurelia,ulmaridae,semaeostomeae,scyphozoa,indian ocean;atlantic ocean;pacific ocean,reef;lakes;coastal,1,NE,
avicularia versicolor,Martinique Pinktoe Tarantula,avicularia,theraphosidae,araneae,arachnida,neotropical,forest,12,NE,
axis axis,Chital;Cheetal;Axis Deer;Spotted Deer,axis,cervidae,artiodactyla,mammalia,oriental,savanna/grassland;riparian,20,LC,
aythya affinis,Lesser Scaup,aythya,anatidae,anseriformes,aves,neotropical,marsh;tundra,18,LC,
aythya americana,Red Head Duck,aythya,anatidae,anseriformes,aves,nearctic,marsh,20,LC,
aythya valisineria,Canvasback,aythya,anatidae,anseriformes,aves,neatctic,lakes;rivers;coastal;brackish water;marsh;estuarine,23,LC,
balearica regulorum gibbericeps,East African Crowned Crane;Grey Crowned Crane,balearica,gruidae,gruiformes,aves,ethiopian,savanna/grassland;marsh,25,VU,
balistoides conspicillum,Clown Triggerfish;Bigspotted Triggerfish,balistoides,balistidae,tetraodontiformes,actinopterygii,indian ocean;pacific ocean,reef,20,NE,
basiliscus basiliscus,Green Basilisk,basiliscus,corytophanidae,squamata,reptilia,neotropical,rainforest,7,LC,
bassariscus astutus,Ringtail Cat,bassariscus,procyonidae,carnivora,mammalia,nearctic,desert,10,LC,
batagur borneoensis,Painted Terrapin;Painted Batagur;Saw-Jawed Turtle,batagur,geoemydidae,testudines,reptilia,oriental,rainforest,50,CR,
bison bison,American Bison,bison,bovidae,artiodactyla,mammalia,nearctic,savanna/grassland;forest;scrub forest,30,NT,
bitis gabonica,Gaboon Viper,bitis,viperidae,squamata,reptilia,ethiopian,rainforest;swamp;estuarine,8,NE,
blaberus giganteus,Central American Giant Cave Cockroach,biaberus,blaberidae,blattodea,insecta,neotropical,rainforest,1.67,NE,
boiga dendrophila,Mangrove Snake,boiga,colubridae,squamata,reptilia,palearctic,rainforest;swamp,15,LC,
bombina orientalis,Oriental Fire-Bellied Toad,bombina,bombinatoridae,anura,amphibia,palearctic;oriental,forest;lakes;rivers;marsh;swamp;riparian,30,LC,
bos texanus,Texas Longhorn,bos,bovidae,artiodactyla,mammalia,nearctic,savanna/grassland,20,NE,
bostrychia hagedash,Hadada Ibis,bostrychia,threskiornithidae,pelecaniformes,aves,ethiopian,rivers;savanna/grassland,18,LC,
bothrops erythromelas,"Caatinga Lance-Head Viper, Jararaca-Da-Seca",bothrops,viperidae,squamata,reptilia,neotropical,forest,6,LC,
brachylophus bulabula,Fiji Island Banded Iguana,brachylophus,iguanidae,squamata,reptilia,island endemic,rainforest,15,EN,
branta ruficollis,Red-Breased Goose,bbranta,anatidae,anseriformes,aves,holarctic,tundra;taiga,15,VU,
bubalus depressicornis,Anoa,bubalus,bovidae,artiodactyla,mammalia,oriental,forest;swamp,30,EN,
bubo bubo,Eurasian Eagle Owl,bubo,strigidae,strigiformes,aves,palearctic;oriental;ethiopian;cosmopolitan;holarctic,tundra;taiga;desert/dune;forest;mountains;scrub forest;suburban,64,LC,
bubo lacteus,Verreaux's Eagle Owl;Milky Eagle Owl;Giant Eagle Owl,bubo,strigidae,strigiformes,aves,ethiopian,savanna/grassland;riparian;scrub forest,20,LC,
bubo virginianus,Great Horned Owl,bubo,strigidae,strigiformes,aves,neotropical;nearctic,forest;mountains,13,LC,
bubulcus ibis,Cattle Edgret,bubulcus,ardeidae,ciconiiformes,aves,palearctic;ethiopian;cosmopolitan,savanna/grassland;forest;rainforest;scrub forest,23,LC,
bucephala albeola,Bufflehead,bucephala,anatidae,anseriformes,aves,nearctic,forest;lakes;rivers;brackish water;coastal;marsh;swamp;riparian;estuarine,3,LC,
bucephala islandica,Barrow's Goldeneye,bucephala,anatidae,anseriformes,aves,nearctic;palearctic,forest;lakes;rivers;coastal;estuarine,18,LC,
buceros bicornis,Great Hornbill,buceros,bucerotidae,bucerotiformes,aves,oriental,forest,50,NT,
buceros rhinoceros,Rhinoceros Hornbill,buceros,bucerotidae,bucerotiformes,aves,oriental,rainforest,90,LT,
bucorvus abyssinicus,Abyssinian Ground Hornbill,bucorvus,bucerotidae,coraciiformes,aves,ethiopian,savanna/grassland,40,LC,
bucorvus leadbeateri,Southern Ground Hornbill,bucorvus,bucerotidae,coraciiformes,aves,ethiopian,savanna/grassland,50,VU,
budorcas taxicolor,Takin,budorcas,bovidae,artiodactyla,mammalia,palearctic,mountain,19,VU,
bugeranus carunculatus,Wattled Crane,bugeranus,gruidae,gruiformes,aves,ethiopian,savanna/grassland;lakes;rivers;marsh;riparian,25,VU,
buteo jamaicensis,Red-Tailed Hawk,buteo,accipitridae,accipitriformes,aves,nearctic,desert/dune;savanna/grassland;forest;urban,28,LC,
buteo swainsoni,Swainson Hawk,buteo,accipitridae,falconiformes,aves,nearctic,savanna/grassland,20,LC,
bycanistes brevis,Silvery-Cheeked Hornbill,bycanistes,bucerotidae,coraciiformes,aves,ethiopian,rainforest;forest,50,LC,
cacatua sanguinea,Little Corella;Bare-Eyed Cockatoo;Blood-Stained Cockatoo;Short-Billed Corella;Little Cockatoo;Blue-Eyed Cockatoo,cacatua,cacatuidae,psittaciformes,aves,australian,forest;savanna/grassland,50,LC,
cacatua sulphurea,Yellow-Crested Cockatoo;Lesser Sulphur-Crested Cockatoo,cacatua,cacatuidae,psittaciformes,aves,oriental,forest,80,CR,
cacicus cela,Yellow-Rumped Cacique,cacicus,icteridae,passeriformes,aves,neotropical,forest,2,LC,
callicebus donacophilus,White-Eared Titi;Bolivian Titi,callicebus,pitheciidae,primates,mammalia,neotropical,rainforest;forest,20,LC,
callimico goeldii,Goeldi's Marmoset,callimico,callitrichidae,primates,mammalia,neotropical,rainforest;forest,10,VU,
callithrix geoffroyi,White-Headed Marmoset;Geoffroy's Marmoset,callithrix,callitrichidae,primates,mammalia,neotropical,rainforest,8,LC,
callonetta leucophrys,Ringed Teal,callonetta,anatidae,anseriformes,aves,neotropical,swamp;marsh;lakes,12,LC,
calloplesiops altivelis,Comet;Marine Betta,calloplesiops,plesiopidae,perciformes,actinopterygii,indian ocean;pacific ocean,reef,9,NE,
callosciurus prevostii,Prevost's Squirrel;Asian Tri-Colored Squirrel,callosciurus,sciuridae,rodentia,mammalia,oriental,forest,15,LC,
calocitta colliei,Black-Throated Magpie Jay,calocitta,corvidae,passeriformes,aves,neotropical,forest;scrub forest;riparian,20,LC,
caloenas nicobarica,Nicobar Pigean,caloenas,columbidae,columbiformes,aves,oriental,forest;coastal;rainforest,15,NT,
camelus bactrianus,Bactrian Camel,camelus,camelidae,artiodactyla,mammalia,palearctic,desert/dune;savanna/grassland,35,NE,
camelus dromedarius,Dromedary Camel,camelus,camelidae,artiodactyla,mammalia,palearctic,desert/dune;savanna/grassland,40,NE,
canis latrans,Coyote,canis,canidae,carnivora,mammalia,nearctic,taiga;desert/dune;savanna/grassland;chaparral;forest;scrub forest;mountains;swamp;urban;suburban;riparian,15,LC,
canis lupus baileyi,Mexican Gray Wolf;Lobo,canis,canidae,carnivora,mammalia,nearctic,frest;savanna/grassland,14,EN,
canis lupus dingo,Dingo,canis,canidae,carnivora,mammalia,oriental;australian,forest;suburban,14,VU,
canis rufus,Red Wolf,canis,canidae,carnivora,mammalia,nearctic,forest;scrub forest,20,CR,
capra hircus,Domestic Goat,capra,bovidae,artiodactyla,mammalia,palearctic;cosmopolitan,taiga;desert/dune;savanna/grassland;chaparral;forest;rainforest;scrub forest;mountains,15,NE,
capra nubiana,Nubian Ibex,capra,bovidae,artiodactyla,mammalia,palearctic,desert/dune;mountains,19,VU,
caranx hippos,Crevalle Jack,caranx,carangidae,perciformes,actinopterygii,atlantic ocean,ocean,17,NE,
carcharhinus melanopterus,Blacktip Reef Shark,carcharhinus,carcharhinidae,carcharhiniformes,chondrichthyes,indian ocean;pacific ocean,ocean;brackish water;coastal,12,NT,
carcharhinus plumbeus,Sandbar Shark,carcharhinus,carcharhinidae,carcharhiniformes,chondrichthyes,atlantic ocean;pacific ocean,ocean,41,VU,
carcharias taurus,Sand Tiger Shark,carcharias,odontaspididae,lamniformes,chondrichthyes,atlantic ocean;pacific ocean,ocean,15,VU,
carettochelys insculpta,Pig-Nosed Turtle,carettochelys,carettochelyidae,testudines,reptilia,australian,ocean;brackish water;coastal,30,VU,
cariama cristata,Red-Legged Seriema,cariama,cariamidae,cariamiformes,aves,neotropical,coastal,20,LC,
castor canadensis,North American Beaver,castor,castoridae,rodentia,mammalia,nearctic,rivers,10,LC,
catagonus wagneri,Chacoan Peccary,catagonus,tayassuidae,artiodactyla,mammalia,neotropical,scrub forest,1,EN,
cathartes aura,Turkey Vulture;Turkey Buzzard;John Crow;Carrion Crow,cathartes,cathartidae,cathartiformes,aves,neotropical;nearctic,tundra;desert/dune;savanna/grassland;chaparral;forest;mountains;urban;suburban;riparian;estuarine,30,LC,
cebuella pygmaea,Pygmy Marmoset,cebuella,callitrichidae,primates,mammalia,neotropical,rainforest,7,LC,
cebus capunicus,Capuchin Monkey;White-Headed Capuchin,cebus,cebidae,primates,mammalia,neotropical,forest;rainforest;riparian,44,LC,
celestus warreni,Giant Haitian Galliwasp,celestus,anguidae,squamata,reptilia,neotropical,forest,11,CR,
centropyge bispinosa,Coral Beauty Angelfish;Twospined Angelfish;Dusky Angelfish,centropyge,pomacanthidae,perciformes,actinopterygii,indian ocean;pacific ocean,reef,10,LC,
ceratotherium simum,White Rhinoceros,ceratotherium,rhinocerotidae,perissodactyla,mammalia,ethiopian,savanna/grassland,40,NT,
cercocebus torquatus,Collared Mangabey;Red-Capped Mangabey,cercocebus,cercopithecidae,primates,mammalia,ethiopian,forest;rainforest;swamp,30,VU,
cercopithecus neglectus,De Brazza's Monkey,cercopithecus,cercopithecidae,primates,mammalia,ethiopian,forest;rainforest,26,LC,
cervus elaphus,Elk;Red Deer;Wapiti,cervus,cervidae,artiodactyla,mammalia,nearctic;palearctic,taiga;savanna/grassland;forest;mountains;suburban;riparian,25,LC,
chaetodon auriga,Threadfin Butterflyfish,chaetodon,chaetodontidae,perciformes,actinopterygii,australian,reef,5,NE,
chaetodon ephippium,Saddle Butterflyfish,chaetodon,chaetodontidae,perciformes,actinopterygii,australian,reef,15,NE,
chaetodon lunula,Raccoon Butterflyfish;Crescent-Masked Butterflyfish;Halfmoon Butterflyfish,chaetodon,chaetodontidae,perciformes,actinopterygii,indian ocean;pacific ocean;atlantic ocean,reef,6,NE,
chamaeleolis barbatus,Cuban False Chameleon Anole,chamaeleolis,polychrotidae,squamata,reptilia,neotropical,forest,9,DD,
chauna torquata,Crested Screamer,chauna,anhimidae,anseriformes,aves,neotropical,savanna/grassland,,LC,
cheilinus undulatus,Humphead Wrasse,cheilinus,labridae,perciformes,actinopterygii,indian ocean;pacific ocean,reef,50,EN,
chelmon rostratus,Copperband Butterflyfish;Beaked Butterflyfish;Beaked Coralfish;Orange Stripe Butterfly,chelmon,chaetodontidae,perciformes,actinopterygii,pacific ocean,reef,4,LC,
chelonoidis carbonaria,Red-Footed Tortoise,chelonoidis,testudinidae,testudines,reptilia,neotropical,savanna/grassland;forest;rainforest;marsh;swamp,50,VU,
chelonoidis nigra,Galápagos Tortoise,chelonoidis,testudinidae,testudines,reptilia,palearctic,savanna/grassland,170,VU,
chelus fimbriata,Matamata,chelus,chelidae,testudines,reptilia,neotropical,swamp,15,LC,
chelydra serpentina,Common Snapping Turtle,chelydra,chelydridae,testudines,reptilia,nearctic,estuarine,100,LC,
chenonetta jubata,Australian Wood Duck;Maned Duck;Maned Goose,chenonetta,anatidae,anseriformes,aves,australian,savanna/grassland;suburban,4,LC,
choeropsis liberiensis,Pygmy Hippopotamus,choeropsis,hippopotamidae,artiodactyla,mammalia,ethiopian,rainforest;swamp;river,45,EN,
choleopus didactylus  ,Linnaeus's Two-Toed Sloth,choloepus,megalonychidae,pilosa,mammalia,ethiopian,tropical,15,LC,
choloepus hoffmanni,Hoffmann's Two-Toed Sloth,choloepus,megalonychidae,pilosa,mammalia,neotropical,rainforest;forest,12,LC,
chromis viridis,Green Chromis,chromis,pomacentridae,perciformes,actinopterygii,indian ocean;pacific ocean,reef;coastal,12,NE,
chrysocyon brachyurus,Maned Wolf,chrysocyon,canidae,carnivora,mammalia,neotropical,rainforest,12,NT,
ciconia ciconia,White Stork,ciconia,ciconiidae,ciconiiformes,aves,palearctic;oriental;ethiopian,marsh;savanna/grassland;urban;suburban;riparian,33,LC,
ciconia nigra,Black Stork,ciconia,ciconiidae,ciconiiformes,aves,palearctic;ethiopian,forest;scrub forest;mountains;rivers;marsh;swamp;riparian,31,LC,
cissa chinensis,Hunting Cissa;Common Green Magpie,cissa,corvidae,passeriformes,aves,oriental,forest,3.5,LC,
clemmys guttata,Spotted Turtle,clemmys,emydidae,testudines,reptilia,nearctic,swamp;marsh,100,EN,
cochlearius cochlearius,Boat-Billed Heron;Boatbill,cochlearius,ardeidae,ciconiiformes,aves,neotropical,swamp;marsh;rainforest,15,LC,
coendou prehensilis,Prehensile-Tailed Porcupine,coendou,erethizontidae,rodentia,mammalia,neotropical,forest;rainforest,15,NE,
colobus angolensis,Angolan Colobus,colobus,cercopithecidae,primates,mammalia,ethiopian,rainforest,30,LC,
colobus guereza,Colobus Monkey;Black-and-White Colobus,colobus,cercopithecidae,primates,mammalia,ethiopian,forest;rainforest;scrub forest;riparian,29,LC,
connochaetes taurinus,Blue Wildebeest;Common Wildebeest;White-Bearded Wildebeest;Brindled Gnu,connochaetes,bovidae,artiodactyla,mammalia,ethiopian,savanna/grassland,20,LC,
coracias cyanogaster,Blue-Bellied Roller,coracias,coraciidae,coraciiformes,aves,ethiopian,savanna/grassland;forest;scrub forest,9,LC,
coragyps atratus,Black Vulture,coragyps,cathartidae,cathartiformes,aves,neotropical,savanna/grassland,10,LC,
corallus caninus,Emerald Tree Boa,corallus,boidae,squamata,reptilia,neotropical,forest;rainforest,15,NE,
corucia zebrata,Solomon Islands Skink,corucia,scincidae,squamata,reptilia,australian,forest,15,NE,
coscoroba coscoroba,Coscoroba Swan,coscoroba,anatidae,anseriformes,aves,neotropical,swamp,35,LC,
cracticus tibicen,Australian Magpie,cracticus,artamidae,passeriformes,aves,australian,savanna/grassland;urban,25,LC,
crocodylus niloticus,Nile Crocodile,crocodylus,crocodylidae,crocodilia,reptilia,ethiopian,rivers;lakes,85,LC,
crocodylus porosus,Saltwater Crocodile,crocodylus,crocodylidae,crocodilia,reptilia,australian;oriental,estuarine;swamp;marsh;brackish water,70,LC,
crocuta crocuta,Spotted Hyena,crocuta,hyaenidae,carnivora,mammalia,ethiopian,desert/dune;savanna/grassland;forest;scrub forest;mountains;riparian,22,LC,
crossoptilon crossoptilon,White-Eared Pheasant,crossoptilon,phasianidae,galliformes,aves,oriental,mountain;forest;scrub forest,1,NT,
crotalus adamanteus,Eastern Diamondback Rattlesnake,crotalus,viperidae,squamata,reptilia,nearctic,forest,23,LC,
crotalus atrox,Western Diamondback Rattlesnake,crotalus,viperidae,squamata,reptilia,nearctic,desert/dune;savanna/grassland;chaparral,26,LC,
crotalus horridus,Timber Rattlesnake,crotalus,viperidae,squamata,reptilia,nearctic,savanna/grassland,24,LC,
crotalus lepidus,Banded Rock Rattlesnake,crotalus,viperidae,serpentes,squamata,nearctic,savanna/grassland;scrub foreset,20,LC,
crotalus polystictus,Mexican Lance-Headed Rattlesnake,crotalus,viperidae,squamata,reptilia,nearctic,savanna/grassland;forest,24,LC,
crotalus scutulatus,Mojave Rattlesnake,crotalus,viperidae,squamata,reptilia,nearctic,desert,10,LC,
crotalus willardi,Chihuahuan Ridgenose Rattlesnake,crotalus,viperidae,squamata,reptilia,neotropical,mountains,20,LC,
cryptomys meachowi,Giant Zambian Mole Rat,fukomys,bathyergidae,rodentia,mammalia,ethiopian,savanna/grassland;scrub forest,16,NE,
cuora pani,Pan's Box Turtle,cuora,geoemydidae,testudines,reptilia,oriental,marsh,50,CR,
cuora trifasciata,Chinese Three-Striped Box Turtle;Golden Coin Turtle,cuora,geoemydidae,testudines,reptilia,oriental,riparian;rivers;forest,50,CR,
cyanocompsa cyanoides,Blue & Black Grosbeak,cyanocompsa,cardinalidae,passeriformes,aves,neotropical,forrest,24,LC,
cyanocorax chrysops,Plush-Crested Jay,cyanocorax,corvidae,passeriformes,aves,neotropical,forest,20,LC,
cyanopica cyanus,Azure-Winged Magpie,cyanopica,corvidae,passeriformes,aves,nearctic,forest,15,LC,
cyclura lewisi,Blue Iguana;Grand Cayman Blue Iguana;Cayman Island Blue Iguana,cyclura,iguanidae,squamata,reptilia,neotropical;island endemic,scrub forest,60,EN,
cygnus atratus,Black Swan,cygnus,anatidae,anseriformes,aves,nearctic;australian;palearctic,lakes;rivers;coastal;brackish water;swamp;riparian;estuarine,40,LC,
cygnus melancoryphus,Black Neck Swan,cygnus,anatidae,anseriformes,aves,neotropical,lake;marsh,20,LC,
cygnus melanocorypha,Black-Necked Swan,cygnus,anatidae,anseriformes,aves,neotropical,lakes;coastal;brackish water;marsh;estuarine,20,LC,
cynomys ludovicianus,Black-Tailed Prairie Dog,cynomys,sciuridae,rodentia,mammalia,nearctic,savanna/grassland,8.5,LC,
dacelo novaeguineae,Laughing Kookaburra,dacelo,alcedinidae,coraciiformes,aves,australian,forest,15,LC,
dama dama,Fallow Deer,dama,cervidae,artiodactyla,mammalia,palearctic;ethiopian,savanna/grassland;chaparral;forest;scrub forest;mountains;suburban,25,LC,
danaus plexippus,Monarch Butterfly;Milkweed;Common Tiger;Wanderer;Black Veined Brown,danaus,nymphalidae,lepidoptera,insecta,nearctic;neotropical;australian,forest,0.14,NE,
dascyllus aruanus,Three Stripe Damselfish,dascyllus,pomacanthidae,perciformes,actinopterygii,indian ocean;pacific ocean,reef,15,NE,
dascyllus trimaculatus,Domino Damsel;Threespot Dascyllus,dascyllus,pomacanthidae,perciformes,actinopterygii,indian ocean;pacific ocean,reef,20,NE,
dasyatis americana,Southern Stingray,dasyatis,dasyatidae,myliobatiformes,chondrichthyes,atlantic ocean,benthic;reef;coastal,13,NE,
dasyprocta leporina,Red-Rumped Agouti,dasyprocta,dasyproctidae,rodentia,mammalia,neotropical,savanna/grassland,15,LC,
dasypus novemcinctus,Nine-Banded Armadillo,dasypus,dasypodidae,cingulata,mammalia,nearctic;neotropical,savanna/grassland;forest;rainforest;scrub forest;suburban;riparian,20,LC,
daubentonia madagascariensis,Aye-Aye,daubentonia,daubentoniidae,primates,mammalia,madagascan,rainforest,25,EN,
dendroaspis angusticeps,East African Green Mamba,dendroaspis,elapidae,squamata,reptilia,ethiopian,coastal,14,DD,
dendroaspis jamesoni,Jameson's Mamba,dendroaspis,elapidae,squamata,reptilia,ethiopian,forest;rain forest,18,DD,
dendrobates auratus,Green & Black Dart Frog,dendrobates,dendrobatidae,anura,amphibia,neotropical,forest,8,LC,
dendrobates tinctorius,Dyeing Poison Dart Frog;Tinc,dendrobates,dendrobatidae,anura,amphibia,neotropical,rainforest,8,LC,
dendrocygna autumnalis,Black Bellied Whistling Duck,dendrocygna,anatidae,anseriformes,aves,neotropical,lake;marsh,10,LC,
dendrocygna bicolor,Fulvous Whistling Duck,dendrocygna,anatidae,anseriformes,aves,ethiopian;palearctic,marsh,15,LC,
dendrocygna javanica,Lesser Whistling Duck;Indian Whistling Duck;Lesser Whistling Teal,dendrocygna,anatidae,anseriformes,aves,oriental,swamp;marsh;coastal,10,LC,
dendrocygna viduata,White Faced Whistling Duck,dendrocygna,anatidae,anseriformes,aves,neotropical;ethiopian,marsh,5,LC,
dendropsophus ebraccatus,Hourglass Treefrog,dendropsophus,hylidae,anura,amphibia,neotropical,rainforest,8,LC,
desmodus rotundus,Vampire Bat,desmodus,phyllostomidae,chiroptera,mammalia,neotropical,cave,20,LC,
diceros bicornis,Black Rhinoceros;Hook-Lipped Rhinoceros,diceros,rhinocerotidae,perissodactyla,mammalia,ethiopian,scrub forest;savanna/grasslands;desert/dune,49,CR,
dolichotis patagonum,Patagonian Cavy,dolichotis,caviidae,rodentia,mammalia,neotropical,forest,14,NT,
dracaena guianensis,Northern Caiman Lizard,dracaena,teiidae,squamata,reptilia,neotropical,rainforest,10,NE,
dromaius novaehollandiae,Emu,dromaius,dromaiidae,casuariiformes,aves,australian,savanna/grasslands;forest,35,LC,
dryas iulia,Julia Butterfly;Julia Heliconian;The Flame;Flambeau,dryas,nymphalidae,lepidoptera,insecta,nearctic;neotropical,savanna/grassland,0.06,NE,
drymarchon couperi,Eastern Indigo Snake,drymarchon,colubridae,squamata,reptilia,nearctic,riparian;forest,21,LC,
ducula bicolor,Pied Imperial Pigeon,ducula,columbidae,columbiformes,aves,oriental,forest;scrub forest,20,LC,
echinotriton andersoni,Alligator Newt,echinotriton,salamandridae,urodela,amphibia,palearctic,forest;savanna/grassland;swamp,15,EN,
eclectus roratus,Eclectus Parrot,eclectus,psittaculidae,psittaciformes,aves,australian,forest,30,LC,
eidolon helvum,Straw-Colored Fruit Bat,eidolon,pteropodidae,chiroptera,mammalia,ethiopian,savanna/grassland;forest;rainforest;urban;suburban,21,NT,
eira barbara,Tayra,eira,mustelidae,carnivora,mammalia,neotropical,rainforest,18,LC,
elaphe flavirufa,Central American Rat Snake,elaphe,colubridae,squamata,reptilia,neotropical,savanna/grassland,16,LC,
elaphe obsoleta lindheimeri,Texas Rat Snake,elaphe,colubridae,squamata,reptilia,nearctic,swamps;river;savanna/grassland,20,LC,
elephas maximus,Asian Elephant,elephas,elephantidae,proboscidea,mammalia,oriental,savanna/grassland;forest;rainforest;scrub forest,65,EN,
eleutherodactylus antillensis,Red Eyed Coqui Frog,eleutherodactylus,eleutherodactylidae,anura,amphibia,nearctic,forrest;urban,10,LC,
enhydra lutris,Sea Otter,enhydra,mustelidae,carnivora,mammalia,pacific ocean,reef,15,EN,
entomyzon cyanotis,Blue-Faced Honeyeater;Bananabird,entomyzon,meliphagidae,passeriformes,aves,australian,rainforest;forest;urban,20,LC,
eolophus roseicapilla,Galah;Rose-Breasted Cockatoo,eolophus,cacatuidae,psittaciformes,aves,australian,savanna/grassland;urban,50,LC,
ephippiorhynchus senegalensis,Saddle-Billed Stork,ephippiorhynchus,ciconiidae,ciconiiformes,aves,ethiopian,savanna/grassland;marsh,30,LC,
epipedobates tricolor,Phantasmal Poison Frog;Phantasmal Poison-Arrow Frog,epipedobates,dendrobatidae,anura,amphibia,neotropical,rainforest;riparian,8,EN,
equus africanus asinus,Donkey;Ass,equus,equidae,perissodactyla,mammalia,ethiopian,desert/dune,40,NE,
equus caballus,Horse,equus,equidae,perissodactyla,mammalia,cosmopolitan,tundra;savanna/grassland;forest;riparian,50,NE,
equus ferus caballus,American Miniature Horse,equus,equidae,perissodactyla,mammalia,palearctic,shrub forest;savanna/grassland,20,NE,
equus ferus przewalskii,Przewalski's Horse,equus,equidae,perissodactyla,mammalia,ethiopian,shrub forest;savanna/grassland,20,EN,
equus grevyi,Grevy's Zebra,equus,equidae,perissodactyla,mammalia,ethiopian,savanna/grassland,30,EN,
equus quagga,Plains Zebra;Common Zebra;Burchell's Zebra;Quagga,equus,equidae,perissodactyla,mammalia,ethiopian,savanna/grassland,40,NE,
equus zebra hartmannae,Hartmann's Mountain Zebra,equus,equidae,perissodactyla,mammalia,ethiopian,desert/dune;mountains,30,VU,
erethizon dorsatum,North American Porcupine,erethizon,erethizontidae,rodentia,mammalia,nearctic,tundra;forrest,18,LC,
erpeton tentaculatum,Tentacled Snake,erpeton,colubridae,squamata,reptilia,oriental,rivers;lakes,15,LC,
erythrura gouldiae,Gouldian Finch;Lady Gouldian Finch;Gould's Finch;Rainbow Finch,erythrura,estrildidae,passeriformes,aves,australian,savanna/grassland;forest,7,NT,
eucrossorhinus dasypogon,Tasselled Wobbegong Shark,eucrossorhinus,orectolobidae,orectolobiformes,chondrichthyes,australian,reef;coastal,30,NT,
eudocimus ruber,Scarlet Ibis,eudocimus,threskiornithidae,pelecaniformes,aves,neotropical,coastal,20,LC,
eudorcas thomsonii,Thomson's Gazelle,eudorcas,bovidae,artiodactyla,mammalia,ethiopian,savanna/grassland,15,NT,
eudyptes chrysocome,Rockhopper Penguin,eudyptes,spheniscidae,sphenisciformes,aves,neotropical,savanna/grassland;coastal,10,VU,
eulemur macaco,Black Lemur;Blue-Eyed Black Lemur,eulemur,lemuridae,primates,mammalia,madagascan,forest;rainforest,20,VU,
eulemur mongoz,Mongoose Lemur,eulemur,lemuridae,primates,mammalia,madagascan,forest;rainforest,23,CR,
eunectes murinus,Green Anaconda;Common Anaconda;Water Boa,eunectes,boidae,squamata,reptilia,neotropical,forest;rainforest,10,NE,
eurycantha calcarata,Thorny Devil Stick Insect;Giant Spiny Stick Insect,eurycantha,phasmatidae,phasmida,insecta,oriental,forest;rainforest;savanna/grassland,1.25,NE,
eurypyga helias,Sunbittern,eurypyga,eurypygidae,eurypygiformes,aves,neotropical,forest;riparian,15,LC,
extatosoma tiaratum,Australian Walking Stick,extatosoma,pseudophasmatidae,phasmatodea ,insecta,australian,rainforest;forest,1,NE,
falco peregrinus,Peregrine Falcon,falco,falconidae,falconiformes,aves,nearctic,urban,25,LC,
falco sparverius,American Kestrel,falco,falconidae,falconiformes,aves,nearctic,forest,14,LC,
felis nigripes,Black-Footed Cat,felis,felidae,carnivora,mammalia,ethiopian,savanna/grassland,15,VU,
flathead minnow,Flathead Minnow,pimephales,cyprinidae,cypriniformes,actinopterygii,nearctic,river;lake,4,LC,
fratercula cirrhata,Tufted Puffin,fratercula,alcidae,charadriiformes,aves,pacific ocean,coastal,,LC,
gallirallus owstoni,Guam Rail,gallirallus,rallidae,gruiformes,aves,nearctic,savanna/grassland,12,EW,
gallus gallus domesticus,Chicken,gallus,phasianidae,galliformes,aves,cosmopolitan,savanna/grassland,7,NE,
gavialis gangeticus,Gharial Crocodile,gavialis,gavialidae,crocodilia,reptilia,oriental,rivers,50,CR,
geochelone sulcata,African Spurred Tortoises,geochelone,testudinidae,testudines,reptilia,ethiopian,desert/dune;savanna/grassland,54,VU,
geococcyx californianus,Greater Roadrunner,geococcyx,cuculidae,cuculiformes,aves,nearctic,scrub forest;desert/dune;chaparral,7,LC,
geomyda spengleri,Black-Breasted Leaf Turtle;Vietnamese Leaf Turtle,geomyda,geoemydidae,testudines,reptilia,oriental,forest;riparian,20,EN,
ginglymostoma cirratum,Nurse Shark,ginglymostoma,ginglymostomatidae,orectolobiformes,chondrichthyes,atlantic ocean,ocean,25,NE,
giraffa  rothschildi,Rothschild Giraffe,giraffa,giraffidae,artiodactyla,mammalia,ethiopian,savanna/grassland;scrub foreset,25,EN,
giraffa camelopardalis,Northern Giraffe,giraffa,giraffidae,artiodactyla,mammalia,ethiopian,savanna/grassland;scrub forest,30,LC,
giraffa reticulata,Reticulated Giraffe;Somali Giraffe,giraffa,giraffidae,artiodactyla,mammalia,ethiopian,savanna/grassland;scrub forest,20,VU,
giraffa tippelskirchi,Masai Giraffe,giraffa,giraffidae,artiodactyla,mammalia,ethiopian,savanna/grassland;scrub forest,30,NE,
gongylophis colubrinus,Kenyan Sand Boa,gongylophis,boidae,squamata,reptilia,ethiopian,desert/dune;scrub forest,20,NE,
gonyosoma oxycephalum,Red-Tailed Green Rat Snake,gonyosoma,colubridae,squamata,reptilia,oriental,rainforest;forest,15,LC,
gopherus agassizii,Desert Tortoise,gopherus,testudinidae,testudines,reptilia,nearctic,desert,80,VU,
gopherus berlandieri,Texas Tortoise,gopherus,testudinidae,testudines,reptilia,nearctic,scrub forest;savanna/grasslands;desert/dune,55,LC,
gorilla gorilla,Western Gorilla,gorilla,hominidae,primates,mammalia,ethiopian,forest,50,CR,
goura victoria,Victoria crowned pigeon,goura,columbidae,columbiformes,aves,australian,tropical,30,NT,
graptemys versa,Texas Map Turtle,graptemys,emydidae,testudines,reptilia,nearctic,river;lakes,20,LC,
gromphadorhina portentosa,Madagascar Hissing Cockroach,gromphadorhina,blaberidae,blattodea,insecta,madagascan,rainforest,3,LC,
grus antigone,Sarus Crane,grus,gruidae,gruiformes,aves,oriental;australian,savanna/grassland;marsh,42,VU,
grus canadensis,Sandhill Crane,grus,gruidae,gruiformes,aves,nearctic,forest,20,LC,
grus japonensis,Red-Crowned Crane,grus,gruidae,gruiformes,aves,palearctic;oriental,marsh,40,EN,
grus leucogeranus,Siberian Crane;Siberian White Crane;Snow Crane,grus,gruidae,gruiformes,aves,palearctic;oriental,tundra;taiga;savanna/grassland;marsh;swamp;bog,82,CR,
grus vipio,White-Naped Crane,grus,gruidae,gruiformes,aves,oriental;palearctic,lakes;marsh;swamp;riparian,45,VU,
grus virgo,Demoiselle Crane,grus,gruidae,gruiformes,aves,palearctic,rivers;marsh;swamp,27,LC,
guaruba guarouba,Golden Conure;Golden Parakeet,guaruba,psittacidae,psittaciformes,aves,neotropical,forest;rainforest,20,VU,
guttera pucherani,Kenya Crested Guineafowl,guttera,numididae,galliformes,aves,ethiopian,forest;scrub forest;savanna/grassland,15,LC,
gymnomuraena zebra,Zebra Moray Eel,gymnomuraena,muraenidae,anguilliformes,actinopterygii,indian ocean;pacific ocean,reef;coastal,10,NE,
gyps rueppellii,Ruppell's Griffon Vulture,gyps,accipitridae,falconiformes,aves,ethiopian,savanna/grassland;desert/dune,50,CR,
haliaeetus leucocephalus,Bald Eagle,haliaeetus,accipitridae,accipitriformes,aves,nearctic,forest,30,LC,
harpia harpyja,Harpy Eagle;American Harpy Eagle,harpia,accipitridae,accipitriformes,aves,neotropical,rainforest,30,NT,
heliconius charithonia,Zebra Longwing Butterfly;Zebra Heliconian,heliconius,nymphalidae,lepidoptera,insecta,neotropical,forest,0.06,NE,
heloderma horridum,Beaded Lizard,heloderma,helodermatidae,squamata,reptilia,nearctic,savanna/grassland;desert/dune,36,LC,
heloderma suspectum,Gila Monster,heloderma,helodermatidae,squamata,reptilia,nearctic,savanna/grassland;desert/dune,17,NT,
helogale parvula,Dwarf Mongoose,helogale,herpestidae,carnivora,mammalia,ethiopian,savanna/grassland,8,LC,
heniochus acuminatus,Pennant Butterflyfish,heniochus,chaetodontidae,perciformes,actinopterygii,indian ocean;pacific ocean,reef,8,NE,
herichthys cyanoguttatus,Rio Grande Cichlid,herichthys,cichlasomatinae,cichlidae,perciformes,nearctic,river;lake,10,LC,
heterocephalus glaber,Naked Mole Rat,heterocephalus,bathyergidae,rodentia,mammalia,ethiopian,savanna/grassland,27,LC,
heterodon nasicus,Western Hognose Snake,heterodon,colubridae,squamata,reptilia,nearctic,savanna/grassland;scrub foreset,20,LC,
hippopotamus amphibius,Hippopotamus,hippopotamus,hippopotamidae,artiodactyla,mammalia,ethiopian,lakes;rivers;swamp,61,VU,
hippotragus equinus,Roan Antelope,hippotragus,bovidae,artiodactyla,mammalia,ethiopian,savanna/grassland,17,LC,
hippotragus niger,Sable Antelope,hippotragus,bovidae,artiodactyla,mammalia,ethiopian,savanna/grassland,17,LC,
hologymnosus rhodonotus,Redback Longface Wrasse,hologymnosus,labridae,perciformes,actinopyerygii,indian ocean;pacific ocean,reef,10,LC,
hydrictis maculicollis,Spotted-Necked Otter,hydrictis,mustelidae,carnivora,mammalia,ethiopian,lakes;rivers,14,LC,
hydrochoerus hydrochaeris,Capybara,hydrochoerus,caviidae,rodentia,mammalia,neotropical,tropical,9,LC,
hyla versicolor,Gray Treefrog,hyla,hylidae,anura,amphibia,nearctic,forest,8,LC,
hylobates lar,Lar Gibbon;White-Handed Gibbon,hylobates,hylobatidae,primates,mammalia,oriental,rainforest,20,EN,
hylobates moloch,Javan Gibbon;Silvery Gibbon,hylobates,hylobatidae,primates,mammalia,oriental,rainforest,50,EN,
hylomantis lemur,Lemur Tree Frog,hylomantis,hylidae,anura,amphibia,neotropical,rainforest,5,CR,
hypogeomys antimena,Malagasy Giant Rat;Madagascar Giant Jumping Rat,hypogeomys,nesomyidae,rodentia,mammalia,madagascan,forest,12,EN,
hystrix cristata,African Crested Porcupine,hystrix,hystricidae,rodentia,mammalia,ethiopian,tropical,12,LC,
hystrix indica,Indian Crested Porcupine,hystrix,hystricidae,rodentia,mammalia,oriental,savanna/grassland;forest,27,LC,
ictinia mississippiensis,Mississippi Kite,ictinia,accipitridae,accipitriformes,aves,neotropical;nearctic,forest;savanna/grassland,8,LC,
iguana iguana,Green Iguana,iguana,iguanidae,squamata,reptilia,neotropical,forest;rainforest,20,NE,
incilius valliceps,Gulf Coast Toad,incilius,bufonidae,anura,amphibia,neotropical,savanna/grassland;suburb,15,LC,
irena puella,Asian Fairy-Bluebird,irena,irenidae,passeriformes,aves,oriental,rainforest,15,LC,
jaculus jaculus,Lesser Egyptian Jerboa,jaculus,dipodidae,rodentia,mammalia,ethiopian,savanna/grassland,6,LC,
junonia coenia,common buckeye,junonia,nymphalidae,lepidoptera,insecta,nearctic,desert/dune;chaparral;scrub forest;urban;suburban,0.06,NE,
kinixys belliana,Bell's Hinge-Back Tortoise,kinixys,testudinidae,testudines,reptilia,ethiopian,savanna/grassland,20,LC,
kinixys homeana,Home's Hingeback Tortoise,kinixys,testudinidae,testudines,reptilia,ethiopian,forest;rain forest,60,VU,
kinosternon flavescens,Yellow Mud Turtle,kinosternon,kinosternidae,testudines,reptilia,nearctic,marsh;lake,10,LC,
kobus ellipsiprymnus,Waterbuck Antelope,kobus,bovidae,artiodactyla,mammalia,ethiopian,savanna/grassland,18,LC,
lachesis muta,South American Bushmaster,lachesis,viperidae,squamata,reptilia,neotropical,rainforest,16,VU,
lachesis stenophrys,Central American Bushmaster,lachesis,viperidae,squamata,reptilia,neotropical,rainforest,15,DD,
lama glama,Guanaco,lama,camelidae,artiodactyla,mammalia,neotropical,mountain,16,LC,
lampropeltis getula splendida,Desert King Snake,lampropeltis,colubridae,squamata,reptilia,nearctic,forrest,20,LC,
lamprotornis regius,Golden-Breasted Starling,lamprotornis,sturnidae,passeriformes,aves,ethiopian,savanna/grassland;scrub forest,1,LC,
lasiodora parahybana,Brazilian Salmon Tarantula,lasiodora,theraphosidae,araneae,arachnida,neotropical,forest,15,NE,
leiothrix argentauris,Silver-Eared Mesia,leiothrix,leiothrichidae,passeriformes,aves,oriental,scrub forest;forest,14,LC,
lemur catta,Ring-Tailed Lemur,lemur,lemuridae,primates,mammalia,madagascan,forest;rainforest;scrub forest,18,NT,
leontopithecus chrysomelas,Golden-Headed Lion Tamarin,leontopithecus,callitrichidae,primates,mammalia,neotropical,rainforest,21,EN,
leontopithecus rosalia,Golden Lion Tamarin,leontopithecus,callitrichidae,primates,mammalia,neotropical,forest;rainforest;scrub forest,20,EN,
leopardus pardalis,Ocelot;Dwarf Leopard,leopardus,felidae,carnivora,mammalia,neotropical,forest;rainforest;scrub forest,20,LC,
leptailurus serval,Serval,leptailurus,felidae,carnivora,mammalia,ethiopian,savanna/grassland,19,LC,
leptonycteris nivalis,Mexican Long-Nosed Bat,leptonycertis,phyllostomidae,chiroptera,mammalia,nearctic;neotropical,desert/dune;forest;scrub forest,10,EN,
leptoptilos chiroptera,Marabou Stork,leptoptilos,ciconiidae,ciconiiformes,aves,ethiopian,desert/dune;savanna/grassland,25,LC,
leptoptilos crumenifer,Marabou Stork,leptoptilos,ciconiidae,ciconiiformes,aves,ethiopian,scrub forest;urban;swamp,20,LC,
lepus californicus,Black-Tailed Jackrabbit,lepus,leporidae,lagomorpha,mammalia,nearctic,desert/dune;savanna/grassland;chaparral;suburban,7,LC,
leucophaeus pipixcan,Franklin's Gull,leucophaeus,laridae,charadriiformes,aves,nearctic;neotropical,river;lake,9,LC,
leucopsar rothschildi,Bali Myna;Bali Myna,leucopsar,sturnidae,passeriformes,aves,oriental,forest,20,CR,
lithobates blairi,Plains Leopard Frog,lithobates,ranidae,anura,amphibia,nearctic,savanna/grassland,8,LC,
lithobates catesbeiana,Bull Frog,lithobates,ranidae,anura,amphibia,nearctic,lake;swamp,16,LC,
litocranius walleri,Gerenuk,litocranius,bovidae,artiodactyla,mammalia,ethiopian,savanna/grassland,12,NT,
litoria caerulea,Australian Green Tree Frog,litoria,hylidae,anura,amphibia,australian,forest,20,LC,
lontra canadensis,North American River Otter,lontra,mustelidae,carnivora,mammalia,nearctic,lakes;rivers;coastal;marsh;swamp;riparian;estuarine,21,LC,
lophodytes cucullatus,Hooded Merganser,lophodytes,anatidae,anseriformes,aves,nearctic,lakes;riparian,11,LC,
lophotis gindiana,Buff-Crested Bustard,lophotis,otididae,gruiformes,aves,ethiopian,desert/dune;savanna/grassland,20,LC,
lorius lory,Black-Capped Lory,lorius,psittaculidae,psittaciformes,aves,australian,forest,28,LC,
loxodonta africana,African Elephant,loxodonta,elephantidae,proboscidea,mammalia,ethiopian,savanna/grassland;desert/dune;forest;rainforest;scrub forest;marsh;swamp;agricultural,80,VU,
lybius dubius,Bearded Barbet,lybius,lybiidae,piciformes,aves,ethiopian,forest,15,LC,
lycaon pictus,African Wild Dog,lycaon,canidae,carnivora,mammalia,ethiopian,savanna/grassland;chaparral;forest,11,EN,
lynx canadensis,Canada Lynx,lynx,felidae,carnivora,mammalia,nearctic,tundra;forest,26,LC,
lynx rufus,Bobcat,lynx,felidae,carnivora,mammalia,nearctic,desert/dune;savanna/grassland;chaparral;forest;mountains,32,LC,
macrochelys temminckii,Alligator Snapping Turtle,macrochelys,chelydridae,testudines,reptilia,nearctic,rivers,120,VU,
macropus giganteus,Eastern Grey Kangaroo,macropus,macropodidae,diprotodontia,mammalia,australian,savanna/grassland;forest;mountains,25,LC,
macropus parma,Parma Wallaby,macropus,macropodidae,diprotodontia,mammalia,australian,forest;rainforest,15,NT,
macropus rufogriseus,Bennett's Wallaby;Red-Necked Wallaby,macropus,macropodidae,diprotodontia,mammalia,australian,savanna/grassland;chaparral;forest,10,LC,
macropus rufus,Red Kangaroo,macropus,macropodidae,diprotodontia,mammalia,australian,desert/dune;savanna/grassland;scrub forest,20,LC,
malacochersus tornieri,Pancake Tortoise,malacochersus,testudinidae,testudines,reptilia,ethiopian,marsh;swamp,25,VU,
mandrillus sphinx,Mandrill,mandrillus,cercopithecidae,primates,mammalia,ethiopian,forest;rainforest,40,VU,
marmaronetta angustirostris,Marbled Teal;Marbled Duck,marmaronetta,anatidae,anseriformes,aves,palearctic,swamp,20,VU,
mauremys annamensis,Annam Leaf Turtle;Vietnamese Pond Turtle,mauremys,geoemydidae,testudines,reptilia,oriental,rivers;riparian,20,CR,
megascops asio,Screech Owl,megascops,strigidae,strigiformes,aves,nearctic,forest;swamps,10,LC,
melanophryniscus stelzneri,Bumblebee Walking Toad,melanophryniscus,bufonidae,anura,amphibia,neotropical,rainforest,10,LC,
meleagris gallopavo,Wild Turkey,meleagris,phasianidae,galliformes,aves,nearctic,forest;marsh;riparian,4,LC,
melichthys niger,Black Triggerfish;Black Durgon,melichthys,balistidae,tetraodontiformes,actinopterygii,indian ocean,reef,10,NE,
mellivora capensis,Honey Badger,mellivora,mustelidae,carnivora,mammalia,palearctic;ethiopian,desert/dune;savanna/grassland;forest;rainforest;scrub forest;mountains;riparian,26,LC,
melopsittacus undulatus,Budgerigar,melopsittacus,psittaculidae,psittaciformes,aves,australian,forest;scrub forest,20,LC,
melursus ursinus,Sloth Bear,melursus,ursidae,carnivora,mammalia,oriental,savanna/grassland;forest,25,VU,
mephitis mephitis,Striped Skunk,mephitis,mephitidae,carnivora,mammalia,nearctic,savanna/grassland;suburban,10,LC,
mergus squamatus,Scaly-Sided Merganser;Chinese Merganser,mergus,anatidae,anseriformes,aves,palearctic,rivers,11,EN,
micromys minutus,Eurasian Harvest Mouse,micromys,muridae,rodentia,mammalia,palearctic,forest,5,LC,
microspathodon chrysurus,Jewel Damselfish,microspathodon,pomacentridae,perciformes,actinopterygii,atlantic ocean,reef,18,NE,
mixcoatlus melanurus,Montane Black-Tailed Viper,mixcoatlus,viperidae,squamata,reptilia,neotropical,mountains,,EN,
morelia spilota,Carpet Python,morelia,pythonidae,squamata,reptilia,australian,rainforest;forest;scrub forest;savanna/grassland,17,LC,
morelia viridis,Green Tree Python,morelia,pythonidae,squamata,reptilia,neotropical,forest;rainforest,15,LC,
mungos mungo,Banded Mongoose,mungos,herpestidae,carnivora,mammalia,ethiopian,savanna/grassland;forest;scrub forest,12,LC,
muntiacus reevesi,Reeves's Muntjac;Chinese Muntjac,muntiacus,cervidae,artiodactyla,mammalia,palearctic,savanna/grassland,18,LC,
musophaga rossae,Lady Poss's Turaco,musophaga,musophagidae,musophagiformes,reptilia,ethiopian,forest;riparian,7,LC,
musophaga violacea,Violet Turaco,musophaga,musophagidae,musophagiformes,reptilia,ethiopian,forest;savanna/grassland;riparian,30,LC,
mustela nigripes,Black Footed Ferret,mustela,mustelidae,carnivora,mammalia,nearctic,savanna/grassland,5,EN,
mycteria ibis,Yellow-Billed Stork,mycteria,ciconiidae,ciconiiformes,aves,ethiopian,swamp;marsh,30,LC,
myrmecophaga tridactyla,Giant Anteater;Ant Bear,myrmecophaga,myrmecophagidae,pilosa,mammalia,neotropical,rainforest;savanna/grassland,16,VU,
naja haje,Moroccan Cobra,naja,elapidae,squamata,reptilia,ethiopian,savanna/grassland;desert,20,VU,
naja melanoleuca,Forest Cobra;Black Forest Cobra,naja,elapidae,squamata,reptilia,palearctic,forest,18,NE,
naja nigricollis,Black Spitting Cobra,naja,elapidae,squamata,reptilia,ethiopian,savanna/grassland,15,LC,
naja pallida,Red Spitting Cobra,naja,elapidae,squamata,reptilia,ethiopian,savanna/grassland;desert,10,VU,
nanger dama,Dama Gazelle;Mhorr Gazelle;Addra Gazelle,nanger,bovidae,artiodactyla,mammalia,ethiopian,savanna/grassland,19,CR,
nasua narica,White-Nosed Coati,nasua,procyonidae,carnivora,mammalia,neotropical,forest,15,LC,
nasua nasua,South American Coati;Brown-Nosed Coati,nasua,procyonidae,carnivora,mammalia,neotropical,forest,16,LC,
neochen jubata,Orinoco Goose,neochen,anatidae,anseriformes,aves,neotropical,lakes;marshes;savanna/grassland,20,NT,
neofelis nebulosa,Clouded Leopard,neofelis,felidae,carnivora,mammalia,oriental,savanna/grassland,11,VU,
nephrurus wheeleri,Banded Knob-Tailed Gecko,nephrurus,carphodactylidae,squamata,reptilia,australian,savanna/grassland,10,NE,
nestor notabilis,Kea,nestor,psittacidae,psittaciformes,aves,austalian,forest;mountains,14,VU,
nettapus auritus,African Pygmy Goose,nettapus,anatidae,anseriformes,aves,ethiopian,swamp;marsh,12,LC,
nettapus coromandelianus,Cotton Pygmy Goose;Cotton Teal,nettapus,anatidae,anseriformes,aves,oriental;australian,lakes,13,LC,
neurergus kaiseri,Iranian Newt,neurergus,salamandridae,caudata,amphibia,palearctic,desert/dune,10,CR,
nomascus gabriellae,Yellow-Cheeked Gibbon; Buff-Cheeked Gibbon,nomascus,hylobatidae,primates,mammalia,oriental,forest;rainforest,,EN,
nomascus leucogenys,White-Cheeked Gibbon,nomascus,hylobatidae,primates,mammalia,oriental,forest;rainforest,28,CR,
numida meleagris,Helmeted Guineafowl,numida,numididae,galliformes,aves,ethiopian,savanna/grassland,12,LC,
nycticebus pygmaeus,Pygmy slow loris,nycticebus,lorisidae,primates,mammalia,oriental,forest,20,VU,
nymphicus hollandicus,Cockatiel,nymphicus,psittacidae,psittaciformes,aves,australian,savanna/grassland,20,LC,
odobenus rosmarus,Walrus,Odobenus,odobenidae,carnivora,mammalia,bering sea,ocean,30,VU,
odocoileus virginianus,White-Tailed Deer,odocoileus,cervidae,artiodactyla,mammalia,nearctic,savanna/grassland;forest,10,LC,
okapia johnstoni,Okapi,okapia,giraffidae,artiodactyla,mammalia,ethiopian,forest,30,EN,
ophiophagus hannah,King Cobra,ophiophagus,elapidae,squamata,reptilia,oriental,forest,26,VU,
orycteropus afer,Aardvark,orycteropus,orycteropodidae,tubulidentata,mammalia,ethiopian,savanna/grassland,23,LC,
oryctolagus cuniculus,European Rabbit;Common Rabbit,oryctolagus,leporidae,lagomorpha,mammalia,palearctic;cosmopolitan,savanna/grassland;forest;urban;suburban,9,NT,
oryx dammah,Scimitar-Horned Oryx,oryx,bovidae,artiodactyla,mammalia,ethiopian,desert/dune;chaparral,28,EW,
oryx gazella,Gemsbok,oryx,bovidae,artiodactyla,mammalia,ethiopian,desert/dune;savanna/grassland,22,LC,
oryx leucoryx,Arabian Oryx,oryx,bovidae,artiodactyla,mammalia,ethiopian,desert/dune;savanna/grassland;chaparral,21,VU,
osteolaemus tetraspis,Dwarf Crocodile,osteolaemus,crocodylidae,crocodilia,reptilia,ethiopian,rivers,13,VU,
otidiphaps nobilis,Pheasant Pigeon;Green-Naped Pheasant Pigeon,otidiphaps,columbidae,columbiformes,aves,australian,rainforest,15,LC,
otocyon megalotis,Bat-Eared Fox,otocyon,canidae,carnivora,mammalia,ethiopian,savanna/grassland;scrub,14,LC,
ovibos moschatus,Muskox,ovibos,bovidae,artiodactyla,mammalia,arctic,tundra,20,LC,
ovis canadensis,Bighorn Sheep,ovis,bovidae,artiodactyla,mammalia,nearctic,mountain,12,LC,
oxyura jamaicensis,Ruddy Ruck,oxyura,anatidae,anseriformes,aves,nearctic;neotropical,marsh;lakes,3,LC,
paleosuchus palpebrosus,Dwarf Caiman,paleosuchus,alligatoridae,crocodylia,reptilia,neotropical,marsh;swamp,22,LC,
pan paniscus,Bonobo,pan,hominidae,primates,mammalia,ethiopian,forest;rainforest;marsh,40,EN,
pandinus imperator,Emperor Scorpion,pandinus,scorpionidae,scorpiones,arachnida,ethiopian,rainforest;savanna/grassland,7,NE,
panthera leo,African Lion,panthera,felidae,carnivora,mammalia,palearctic;oriental;ethiopian,savanna/grassland;forest;scrub forest,30,VU,
panthera onca,Jaguar,panthera,felidae,carnivora,mammalia,nearctic;neotropical,savanna/grassland;forest;scrub forest,23,NT,
panthera pardus orientalis,Amur Leopard,panthera,felidae,carnivora,mammalia,palearctic,forest,20,CR,
panthera tigris altaica,Siberian Tiger;Amur Tiger,panthera,felidae,carnivora,mammalia,palearctic,forest,17,EN,
panthera tigris corbetti,Indochinese Tiger,panthera,felidae,carnivora,mammalia,oriental,forest;savanna/grassland;swamp;rainforest,17,EN,
panthera tigris jacksoni,Malayan Tiger,panthera,felidae,carnivora,mammalia,oriental,forest;riparian,18,CR,
panthera tigris sumatrae,Sumatran Tiger,panthera,felidae,carnivora,mammalia,oriental,rainforest;savanna/grassland,18,CR,
panthera tigris tigris,Bengal Tiger;Royal Bengal Tiger,panthera,felidae,carnivora,mammalia,oriental,rainforest;savanna/grassland;forest;swamp,18,EN,
pantherophis guttatus,Corn Snake,pantherophis,colubridae,squamata,reptilia,nearctic,savanna/grassland,23,LC,
papilio cresphontes,Giant Swallowtail Butterfly;Orange Dog;Orange Puppy,papilio,papilionidae,lepidoptera,insecta,nearctic,forest,0.06,NE,
papilio glaucus,Eastern Tiger Swallowtail Butterfly,papilio,papilionidae,lepidoptera,insecta,nearctic,savanna/grassland;forest,0.06,NE,
papilio troilus,Spicebush Swallowtail Butterfly,papilio,papilionidae,lepidoptera,insecta,nearctic,savanna/grassland;swamp,0.06,NE,
papio hamadryas,Hamadryas Baboon,papio,cercopithecidae,primates,mammalia,ethiopian,savanna/grassland,37,LC,
parabuteo unicinctus,Harris' Hawk,parabuteo,accipitridae,accipitriformes,aves,nearctic,forest,25,LC,
paracanthurus hepatus,Blue Tang;Regal Tang;Palette Surgeonfish,paracanthurus,acanthuridae,perciformes,actinoptergii,indian ocean;pacific ocean,reef,20,LC,
parastichopus californicus,Giant California Sea Cucumber,parastichopus,stichopodidae,aspidochirotida,holothuroidea,gulf of alaska,reef,10,NE,
parupeneus ciliatus,Whitesaddle Goatfish,parupeneus,mullidae,perciformes,actinopyerygii,pacific ocean,reef,10,NE,
pavo cristatus,Peafowl,pavo,phasianidae,galliformes,aves,oriental,rainforest,30,LC,
pelecanus erythrorhynchos,American White Pelican,pelecanus,pelecanidae,pelecaniformes,aves,nearctic,lakes;rivers;coastal;brackish water;marsh;estuarine,26,LC,
pelecanus occidentalis,Brown Pelican,pelecanus,pelecanidae,pelecaniformes,aves,nearctic,lakes,30,LC,
pelecanus onocrotalus,Great White Pelican;Eastern White Pelican;Rosy Pelican,pelecanus,pelecanidae,pelecaniformes,aves,palearctic,swamp;lakes,30,LC,
peltophryne lemur,Puerto Rican Crested Toad,peltophryne,bufonidae,anura,amphibia,neotropical,scrub forest;chaparral,10,CR,
perodicticus potto,Potto,perodicticus,lorisidae,primates,mammalia,ethiopian,rainforest,26,LC,
petrogale xanthopus,Yellow-Footed Rock-Wallaby,petrogale,macropodidae,diprotodontia,mammalia,australian,savanna/grassland,15,NT,
phacochoerus africanus,Warthog,phacochoerus,suidae,artiodactyla,mammalia,ethiopian,savanna/grassland,21,LC,
phalcoboenus megalopterus,Caracara,phalcoboenus,falconidae,falconiformes,aves,neotropical,urban;savanna/grassland,25,LC,
phascolarctos cinereus,Koala,phascolarctos,phascolarctidae,diprotodontia,mammalia,australian,forest,20,VU,
phelsuma grandis,Madagascar Giant Day Gecko,phelsuma,gekkonidae,squamata,reptilia,ethiopian,coastal;forest,20,LC,
phelsuma standingi,Standing's Day Gecko,phelsuma,gekkonidae,squamata,reptilia,madagascan,desert/dune,10,VU,
philantomba monticola,Blue Duikers,philantomba,bovidae,artiodactyla,mammalia,ethiopian,forest;suburb,15,LC,
phoca vitulina,Harbor Seal,phoca,phocidae,carnivora,mammalia,atlantic ocean;pacific ocean,ocean,35,LC,
phoeniconaias minor,Lesser Flamingo,phoeniconaias,phascolarctidae,diprotodontia,mammalia,ethiopian;oriental,lakes,40,NT,
phoenicopterus chilensis,Chilean Flamingo,phoenicopterus,phoenicopteridae,phoenicopteriformes,aves,neotropical,lakes;estuarine,40,NT,
phoenicopterus roseus,Greater Flamingo,phoenicopterus,phoenicopteridae,phoenicopteriformes,aves,ethiopian;oriental;palearctic,lakes,60,LC,
phoenicopterus ruber,Caribbean Flamingo,phoenicopterus,phoenicopteridae,phoenicopteriformes,aves,neotropical,rainforest,30,LC,
phrynocephalus albolineatus,Secret Toad Headed Agama,phrynocephalus,agamidae,squamata,reptilia,palearctic,savanna/grassland,10,LC,
phrynosoma cornutum,Texas Horned Lizard,phrynosoma,phrynosomatidae,squamata,reptilia,nearctic,desert/dune;savanna/grassland,8,LC,
phyllium biocalatum,Gray's Leaf Insect;Malaysian Walking Leaf Insect,phyllium,phylliidae,phasmatodea,insecta,oriental,rainforest,0.5,NE,
phyllobates terribilis,Golden Poison Frog;Golden Poison Arrow Frog;Golden Dart Frog,phyllobates,dendrobatidae,anura,amphibia,neotropical,rainforest,8,EN,
pithecia pithecia,White-Faced Saki Monkey;Guianan Saki;Golden-Faced Saki,pithecia,pitheciidae,primates,mammalia,neotropical,rainforest,35,LC,
pitta sordida,Hooded Pitta,pitta,pittidae,passeriformes,aves,oriental,forest,4,LC,
pituophis melanoleucus,Mexican Pine Snake,pituophis,colubridae,squamata,reptilia,nearctic,savanna/grassland;desert,15,LC,
pituophis ruthveni,Louisiana Pine Snake,pituophis,colubridae,squamata,reptilia,nearctic,forest,20,EN,
platalea ajaja,Roseate Spoonbill,platalea,threskiornithidae,pelecaniformes,aves,nearctic;neotropical,savanna/grasslands,19,LC,
platax orbicularis,Orbicular Batfish;Circular Batfish;Orbiculate Batfish;Round Batfish;Orbic Batfis,platax,ephippidae,perciformes,actinopterygii,indian ocean;pacific ocean,brackish water;reef,5,NE,
plestiodon obsoletus,Great Plains Skink,plestiodon,scincidae,squamata,reptilia,nearctic,savanna/grassland,3,LC,
ploceus castaneiceps,Taveta Weaver;Taveta Golden Weaver,ploceus,ploceidae,passeriformes,aves,ethiopian,forest,20,LC,
pluvianus aegyptius,Egyptian Plover,pluvianus,pluvianidae,charadriiformes,aves,ethiopian,forest,10,LC,
podargus strigoides,Tawny Frogmouth,podargus,podargidae,podargiformes,aves,australian,forest,10,LC,
polihierax semitorquatus,African Pygmy Falcon,polihierax,falconidae,falconiformes,aves,ethiopian,desert/dune;savanna/grassland;scrub forest,7,LC,
polypedates otilophus,Borneo Eared Frog;Bony-Headed Flying Frog,polypedates,rhacophoridae,anura,amphibia,oriental,forest;rainforest;shrub forest,10,NE,
polytelis alexandrae,Princess Parrot;Queen Alexandra Parrot;Alexandra's Parakeet;Princess of Wales Parakeet;Rose-Throated Parakeet;Spinifex Parrot,polytelis,psittaculidae,psittaciformes,aves,australian,desert/dune;savanna/grassland;scrub forest,24,NT,
pomacanthus imperator,"Emperor Angelfish;Semicircle Angelfish,Koran Angelfish",pomacanthus,pomacanthidae,perciformes,actinopterygii,indian ocean;pacific ocean,reef,21,LC,
pongo abelii,Sumatran Orangutan,pongo,hominidae,primates,mammalia,oriental,rainforest;swamp;riparian,29,CR,
pongo pygmaeus,Bornean Orangutan,pongo,hominidae,primates,mammalia,oriental,forest,60,CR,
potamochoerus porcus,Red River Hog,potamochoerus,suidae,artiodactyla,mammalia,ethiopian,forest,20,LC,
potos flavus,Kinkajou,potos,procyonidae,carnivora,mammalia,neotropical,rainforest,40,LC,
premnas biaculeatus,Maroon Clownfish;Spinedcheek Anemonefish,premnas,pomacentridae,perciformes,actinopterygii,indian ocean;pacific ocean,reef;coastal,4,NE,
probosciger aterrimus,Palm Cockatoo;Goliath Cockatoo;Great Black Cockatoo,probosciger,cacatuidae,psittaciformes,aves,australian,rainforest;forest,50,LC,
pseudanthias dispar,Peach Anthias;Orange Fairy Basslet,pseudanthias,serranidae,perciformes,actinopyerygii,indian ocean;pacific ocean;australian,reef,5,NE,
pseudemys concinna,Eastern River Cooter,pseudyms,emydidae,testudines,reptilia,nearctic,rivers;brackish water,44,NE,
pseudemys texana,Texas Cooter Turtle,pseudemys,emydidae,testudines,reptilia,nearctic,rivers;lakes,8,LC,
pterinochilus murinus,Mombasa Golden Starburst Tarantula,pterinochilus,theraphosidae,araneae,arachnida,ethiopian,suburban;scrub forest;forest,20,NE,
pteroglossus viridis,Green Aracari,pteroglossus,ramphastidae,piciformes,aves,neotropical,forest,16,LC,
pterois volitans,Red Lionfish;Red Firefish,pterois,pteroinae,scorpaeniformes,actinopterygii,indian ocean;pacific ocean,reef;coastal,10,NE,
pteronura brasiliensis,Giant Otter,pteronura,mustelidae,carnivora,mammalia,neotropical,lakes;rivers,12,EN,
pteropus giganteus,Indian Flying Fox;Indian Flying Fruit Bat,pteropus,pteropodidae,chiroptera,mammalia,oriental,forest,30,LC,
pteropus rodricensis,Rodrigues Flying Fox;Rodrigues Fruit Bat,pteropus,pteropodidae,chiroptera,mammalia,madagascan,forest,20,CR,
ptilinopus roseicapilla,Mariana Fruit Dove,ptilinopus,columbidae,columbiformes,aves,nearctic,forest,20,EN,
ptychozoon horsfieldii,Flying Gecko,ptychozoon,gekkonidae,squamata,reptilia,palearctic,forest,6,DD,
pulsatrix perspicallata,Brazilian Spectacled Owl,pulsatrix,strigidae,strigiformes,aves,neotropical,forest;rainforest;riparian,25,LC,
puma concolor,Cougar;Mountain Lion;Puma;Panther;Catamount,puma,felidae,carnivora,mammalia,nearctic,savanna/grassland,20,EN,
pygathrix nemaeus,Red-Shanked Douc,pygathrix,cercopithecidae,primates,mammalia,oriental,forest;rainforest,24,EN,
pygocentrus nattereri,Red-Bellied Piranha,pygocentrus,serrasalmidae,characiformes,actinopterygii,neotropical,rivers,10,NE,
python regius,Ball Python,python,boidae,squamata,reptilia,ethiopian,savanna/grassland,40,LC,
python reticulatus,Reticulated Python,python,boidae,squamata,reptilia,oriental,rainforest,20,VU,
pyxicephalus adspersus,African Bullfrog,pyxicephalus,pyxicephalidae,anura,amphibia,ethiopian,savanna/grassland;marsh;swamp,35,LC,
pyxis arachnoides,Spider Tortoise,pyxis,testudinidae,testudines,reptilia,madagascan,scrub forest,70,CR,
pyxis planicauda,Flat-Backed Spider Tortoise;Flat-Tailed Tortoise,pyxis,testudinidae,testudines,reptilia,madagascan,forest,70,CR,
ramphastos sulfuratus,Keel Billed Toucan,ramphastos,ramphastidae,piciformes,aves,neotropical,rainforest,20,LC,
ramphastos toco,Toco Toucan,ramphastos,ramphastidae,piciformes,aves,neotropical,forest;savanna/grassland;scrub forest;riparian,18,LC,
ramphastos vitellinus,Channel-Billed Toucan,ramphastos,ramphastidae,piciformes,aves,neotropical,rainforest,20,VU,
rangifer tarandus,Reindeer,rangifer,cervidae,artiodactyla,mammalia,arctic,tundra,10,VU,
rhacodactylus leachianus,Caledonian Giant Gecko,rhacodactylus,diplodactylidae,sauria,reptilia,australian,forest,20,LC,
rhacophorus nigropalmatus,Wallace's Flying Frog,rhacophorus,rhacophoridae,anura,amphibia,oriental,forest;rainforest,10,LC,
rhea americana,Greater Rhea,rhea,rheidae,rheiformes,aves,neotropical,scrub forest;savanna/grassland,10,NT,
rhinecanthus aculeatus,Lagoon Triggerfish;Picasso Triggerfish,rhinecanthus,balistidae,tetraodontiformes,actinopterygii,indian ocean;pacific ocean,reef,10,NE,
rhinoceros unicornis,Indian Rhinoceros;Greater One-Horned Rhinoceros;Great Indian Rhinoceros,rhinoceros,rhinocerotidae,perissodactyla,mammalia,oriental,savanna/grassland;forest;scrub forest,47,VU,
rhinoptera bonasus,Cownose Ray,rhinoptera,myliobatidae,myliobatiformes,chondrichthyes,atlantic ocean,brackish water,17,NT,
rhynchocyon petersi,Black And Rufous Elephant shrew,rhynchocyon,macroscelididae,macroscelidea,mammalia,ethiopian,forest,5,VU,
rhynchophis boulengeri,Rhinoceros Ratsnake;Rhinoceros Snake;Rhino Rat Snake;Vietnamese Longnose Snake,rhynchophis,colubridae,squamata,reptilia,oriental,rainforest,12,LC,
rhynchopsitta pachyrhyncha,Thick-Billed Parrot,rhynchopsitta,psittacidae,psittaciformes,aves,nearctic,forest,33,EN,
rollulus rouloul,Crested Partridge;Crested Wood Partridge;Roul-Roul;Red-Crowned Wood Partridge;Green Wood Quail;Green Wood Partridge,rollulus,phasianidae,galliformes,aves,oriental,rainforest,15,NT,
rousettus lanosus,Ruwenzori Long-Haired Fruit Bat,ianosus,rousettus,pteropodidae,chiropera,ethiopian,rainforest,25,LC,
sagittarius serpentarius,Secretary Bird,sagittarius,sagittariidae,accipitriformes,aves,ethiopian,forests;savanna/grassland,18,VU,
saguinus bicolor,Pied Tamarin,saguinus,callitrichidae,primates,mammalia,neotropical,rainforest,9,EN,
saguinus imperator,Emperor Tamarin,saguinus,callitrichidae,primates,mammalia,neotropical,rainforest,18,LC,
saguinus oedipus,Cotton-Top Tamarin,saguinus,callitrichidae,primates,mammalia,neotropical,rainforest,24,CR,
saimiri oerstedii,Central American Squirrel Monkey,saimiri,cebidae,primates,mammalia,neotropical,rainforest,20,VU,
saimiri sciureus,Squirrel Monkey,saimiri,cebidae,primates,mammalia,neotropical,rainforest,30,NE,
salvator merianae,Argentine Black And White Tegu,salvator,teiidae,squamata,reptilia,neotropical,rainforest,20,LC,
sanzinia madagascariensis,Madagascar Tree Boa,sanzinia,boidae,squamata,reptilia,madagascan,rainforest,15,LC,
sarcophilus harrisii,Tasmanian Devil,sarcophilus,dasyuridae,dasyuromorphia,mammalia,australian,forest;urban,5,EN,
sarcorhamphus papa,King Vulture,sarcoramphus,cathartidae,falconiformes,aves,neotropical,forest,40,LC,
sardina pilchardus,Sardine;Pilchard,sardina,clupeidae,clupeiformes,actinopyerygii,atlantic ocean,brackish water,15,NE,
sargocentron seychellense,Yellow-Tipped Squirrelfish,sargocentron,holocentridae,beryciformes,actinopyerygii,indian ocean;pacific ocean,reef,3,NE,
sauromalus varius,San Esteban Island Chuckwalla;Piebald Chuckwalla;Pinto Chuckwalla,sauromalus,iguanidae,squamata,reptilia,nearctic,desert/dune,11,EN,
scaphiopus hurterii,Hurter's Spadefoot Toad,scaphiopus,scaphiopodidae,anura,amphibia,nearctic,savanna/grassland,10,LC,
sceloporus olivaceus,Texas Spiny Lizard,sceloporus,phrynosomatidae,squamata,reptilia,nearctic,suburb;forest,10,LC,
scissirostrum dubium,Grosbeak Starling;Grosbeak Myna;Finch-Billed Myna;Scissor-Billed Starling,scissirostrum,sturnidae,passeriformes,aves,oriental,forest;swamp,15,LC,
scopus umbretta,Hammerkop,scopus,scopidae,pelecaniformes,aves,ethiopian,forest,20,LC,
shinisaurus crocodilurus,Chinese Crocodile Lizard,shinisaurus,shinisauridae,squamata,reptilia,palearctic,coastal;riparian,10,EN,
siganus unimaculatus,Blotched Foxface,siganus,siganidae,perciformes,actinoptergii,indian ocean;pacific ocean,reef,5,NE,
sistrurus catenatus,Massasauga;Eastern Massasauga Rattlesnake,sistrurus,viperidae,squamata,reptilia,nearctic,riparian;swamp;forest,20,LC,
smilisca baudinii,Mexican Tree Frog,smilisca,hylidae,anura,amphibia,nearctic,forrest;savanna/grassland,6,LC,
somateria fischeri,Spectacled Eider,somateria,anatidae,anseriformes,aves,nearctic,tunda;coastal,2,LC,
somateria mollissima,Common Eider,somateria,anatidae,anseriformes,aves,nearctic;palearctic;holarctic,tundra;coastal,20,LC,
speothos venaticus,Bush Dog,speothos,canidae,carnivora,mammalia,neotropical,savanna/grasslands,10,NT,
spheniscus demersus,African Penguin;Jackass Penguin,spheniscus,spheniscidae,sphenisciformes,aves,ethiopian,coastal,25,EN,
spheniscus humboldti,Humboldt Penguin,spheniscus,spheniscidae,sphenisciformes,aves,neotropical,coastal,20,VU,
spheniscus magellanicus,Magellanic Penguin,spheniscus,spheniscidae,sphenisciformes,aves,neotropical,coastal,30,NT,
stegostoma fasciatum,Zebra Shark;Leopard Shark,stegostoma,stegostomatidae,orectolobiformes,chondrichthyes,indian ocean;pacific ocean,reef;coastal,25,VU,
streptopelia capicola,Ring-Neck Dove,streptopelia,columbidae,columbiformes,aves,ethiopian,forrest;savanna/grassland,,LC,
strix varia,Barred Owl,strix,strigidae,strigiformes,aves,nearctic,forest,23,LC,
struthio camelus,Ostrich,struthio,struthionidae,struthioniformes,aves,ethiopian,savanna/grassland;scrub forest,40,LC,
suricata suricatta,Meerkat,suricata,herpestidae,carnivora,mammalia,ethiopian,desert/dune,12,LC,
sus scrofa,Wild Boar,sus,suidae,artiodactyla,mammalia,cosmopolitan,savanna/grassland;forest;marsh;swamp;riparian,17,LC,
symphalangus syndactylus,Siamang,symphalangus,hylobatidae,primates,mammalia,oriental,forest,40,EN,
syngnathus griseolineatus,Bay Pipefish,syngnathus,syngnathidae,syngnathiformes,actinopterygii,pacific ocean,bays,,NE,
taeniopygia bichenovii,Double-Barred Finch,taeniopygia,estrildidae,passeriformes,aves,australian,savanna/grassland;scrub forest,7,LC,
tapirus bairdii,Baird's Tapir,tapirus,tapiridae,perissodactyla,mammalia,neotropical,savanna/grassland;forest,30,EN,
tapirus indicus,Malayan Tapir,tapirus,tapiridae,perissodactyla,mammalia,oriental,savanna/grassland;forest,30,EN,
tauraco erythrolophus,Red-Crested Turaco,tauraco,musophagidae,musophagiformes,aves,ethiopian,forest,7,LC,
terrapene carolina,Common Box Turtle,terrapene,emydidae,testudines,reptilia,nearctic,forrest;savanna/grassland,50,VU,
terrapene coahuila,Coahuilan Box Turtle,terrapene,emydidae,testudines,reptilia,neotropical,marsh,18,EN,
terrapene ornata ornata,Ornate Box Turtle,terrapene,emydidae,testudines,reptilia,nearctic,savanna/grassland,37,NT,
testudo kleinmanni,Egyptian Tortoise;Kleinmann's Tortoise;Leith's Tortoise,testudo,testudinidae,testudines,reptilia,palearctic,desert/dune;scrub forest,20,CR,
theloderma corticale,Mossy Tree Frog,theloderma,rhacophoridae,anura,amphibia,palearctic,rainforest,15,DD,
theraphosa blondi,Goliath Bird Eating Tarantula,theraphosa,theraphosidae,araneae,arachnida,neotropical,rainforest,10,DD,
threskiornis spinicollis,Straw-Necked Ibis,threskiornis,threskiornithidae,pelecaniformes,aves,australian,swamp;marsh;savanna/grassland,15,LC,
tiliqua scincoides,Eastern Blue-Tongued Skink,tiliqua,scincidae,squamata,reptilia,australian,scrub forest;suburban,20,NE,
todiramphus cinnamominus,Guam Kingfisher,todiramphus,alcedinidae,coraciiformes,aves,nearctic,scrub forest;suburban,12,EW,
tolypeutes matacus,Southern Three-Banded Armadillo,tolypeutes,chlamyphoridae,cingulata,mammalia,neotropical,scrub forest,15,NT,
trachemys scripta,Pond Slider;Common Slider Turtle,trachemys,emydidae,testudines,reptilia,nearctic,lakes;rivers;swamp;riparian,30,LC,
trachemys scripta elegans,Red Eared Slider,trachemys,emydidae,testudines,reptilia,nearctic,lake;marsh,30,LC,
trachycephalus resinifictrix,Mission Golden-Eyed Tree Frog;Amazon Milk Frog,trachycephalus,hylidae,anura,amphibia,neotropical,rainforest;forest,10,LC,
trachypithecus obscurus,Spectacled Langur;Dusky Leaf Monkey,trachypithecus,cercopithecidae,primates,mammalia,oriental,taiga;forest;rainforest,30,NT,
tragelaphus eurycerus,Bongo,tragelaphus,bovidae,artiodactyla,mammalia,ethiopian,rainforest;scrub forest;mountains,22,NT,
tragelaphus imberbis,Lesser Kudu,tragelaphus,bovidae,artiodactyla,mammalia,ethiopian,savanna/grassland;scrub forest,15,NT,
tragelaphus spekii,Sitatunga,tragelaphus,bovidae,artiodactyla,mammalia,ethiopian,swamp;marsh;lakes,23,LC,
tragelaphus strepsiceros,Greater Kudu,tragelaphus,bovidae,artiodactyla,mammalia,ethiopian,savanna/grassland;forest;scrub forest,20,,
tragopan caboti,Cabot's Tragopan Pheasant,tragophan,phasianidae,galliformes,aves,oriental,forest;mountains,10,VU,
tremarctos ornatus,Andean Bear;Spectacled Bear,tremarctos,ursidae,carnivora,mammalia,neotropical,mountains,25,VU,
tribolonotus gracilis,Crocodile Skink;Red-eyed Crocodile Skink,tribolonotus,scincidae,squamata,reptilia,australian,rainforest,12,NE,
trichoglossus haematodus,Rainbow Lorikeet;Parrot,trichoglossus,psittacidae,psittaciformes,aves,australian,forest,15,LC,
trimeresurus mcgregori,McGregor's Pit Viper,trimeresurus,viperidae,squamata,reptilia,oriental,forest,15,DD,
trimeresurus trigonocephalus,Sri Lanka Palm Viper,trimeresurus,viperidae,squamata,reptilia,palearctic,savanna/grassland;rainforest,10,DD,
trioceros melleri,Meller's Chameleon,trioceros,chamaeleonidae,squamata,reptilia,ethiopian,savanna/grassland;mountains,12,LC,
tupaia belangeri,Northern Tree Shrew,tupaia,tupaiidae,scandentia,mammalia,oriental,forest,12,LC,
tylototriton shanjing,Emperor Newt;Mandarin Newt;Mandarin Salamander,tylototriton,salamandridae,caudata,amphibia,,,,,
tympanuchus cupido attwateri,Attwater's Prairie Chicken,tympanuchus,tetraoninae,galliformes,aves,nearctic,savanna/grassland,3,NE,
tyrannus forficatus,Scissor-Tail Flycatcher,tyrannus,tyrannidae,passeriformes,aves,nearctic;neotropical,forest,15,LC,
tyrannus verticalis,Western Kingbird,tyrannus,tyrannidae,passeriformes,aves,neotropical,suburb/forest,6,LC,
tyto alba,Barn Owl,tyto,tytonidae,strigiformes,aves,nearctic;west indian;neotropical;argentine;mediterranean;ethiopian;oriental;australian,savanna/grassland;urban,20,LC,
uncia uncia,Snow Leopard,panthera,felidae,carnivora,mammalia,oriental,forest;mountains,14,EN,
uria aalge,Common Murre,uria,alcidae,charadriiformes,aves,nearctic,coastal,20,LC,
urocissa erythororyncha,Red-Billed Blue Magpie,urocissa,corvidae,passeriformes,aves,oriental,forest;scrub forest;mountain,20,LC,
uroplatus fimbriatus,Giant Leaf-Tailed Gecko,uroplatus,gekkonidae,squamata,reptilia,madagascan,rainforest,10,LC,
uroplatus henkeli,Henkel's Leaf-Tailed Gecko,uroplatus,gekkonidae,squamata,reptilia,madagascan,forest,8,VU,
ursus americanus,American Black Bear,ursus,ursidae,carnivora,mammalia,nearctic,forest,15,LC,
ursus maritimus,Polar Bear,ursus,ursidae,carnivora,mammalia,holarctic,polar ice,23,VU,
ursus thiberanus,Asiatic Black Bear,ursus,ursidae,carnivora,mammalia,oriental,forest,30,VU,
vanellus chilensis,Southern Lapwing,vanellus,charadriidae,charadriiformes,aves,neotropical,forrest;river,27,LC,
vanellus miles,Masked Lapwing;Masked Plover;Spur-Winged Plover,vanellus,charadriidae,charadriiformes,aves,australian,coastal;marsh;swamp,8,LC,
vanessa cardui,Painted Lady,vanessa,nymphalidae,lepidoptera,insecta,cosmopolitan,savanna/grassland,0.06,NE,
varanus beccarii,Black Tree Monitor Lizard,varanus,varanidae,squamata,reptilia,ethiopian,forest,15,DD,
varanus komodoensis,Komodo Dragon,varanus,varanidae,squamata,reptilia,oriental,savanna/grassland;forest,25,VU,
varanus prasinus,Green Tree Monitor;Emerald Tree Monitor,varanus,varanidae,squamata,reptilia,australian,rainforest;forest,10,NE,
varanus salvadorii,Crocodile Monitor;Papuan Monitor;Salvadori's Monitor;Artellia,varanus,varanidae,squamata,reptilia,australian,rainforest;swamp,10,NE,
varanus tristis,Black-Headed Monitor,varanus,varanidae,squamata,reptilia,australian,savanna/grassland;scrub;scrub forest,15,NE,
varecia rubra,Red Ruffed Lemur,varecia,lemuridae,primates,mammalia,madagascan,forest;rainforest;scrub forest,20,CR,
varecia variegata,Black And White Ruffed Lemur,varecia,lemuridae,primates,mammalia,madagascan,forest;rainforest;scrub forest,18,CR,
vulpes lagopus,Arctic Fox,vulpes,canidae,carnivora,mammalia,arctic,taiga,4,LC,
vulpes velox,Swift Fox,vulpes,canidae,carnivora,mammalia,nearctic,desert/dune;savanna/grassland,12,LC,
vulpes zerda,Fennec Fox,vulpes,canidae,carnivora,mammalia,ethiopian,savanna/grasslands,12,LC,
vultur gryphus,Andean Condor,vultur,cathartidae,cathartiformes,aves,neotropical,mountains,47,NT,
zalophus californianus,California Sea Lion,zalophus,otariidae,carnivora,mammalia,nearctic;pacific ocean,rivers;coastal,31,LC,
zebrasoma flavescens,Yellow Tang,zebrasoma,acanthuridae,perciformes,actinopyerygii,pacific ocean;indian ocean,reef,10,LC,
zebrasoma velifer,Sailfin Tang,zebrasoma,acanthuridae,perciformes,actinopterygii,pacific ocean,reef,15,NE,
zosterops palpebrosus,Oriental White-Eye,zosterops,zosteropidae,passeriformes,aves,oriental,rainforest;forest;scrub forest,10,LC,
